# 演習2

## 商品テーブルから3つの列を出力

```sql
select 商品ID, 商品名, 販売単価 from 商品;
```

## 商品テーブルのすべての列を出力

```sql
select * from 商品;
```

出力:

```text
 商品id |     商品名     |   商品分類   | 販売単価 | 仕入単価 |   登録日
--------+----------------+--------------+----------+----------+------------
 0001   | Tシャツ        | 衣服         |     1000 |      500 | 2009-09-20
 0002   | 穴あけパンチ   | 事務用品     |      500 |      320 | 2009-09-11
 0003   | カッターシャツ | 衣服         |     4000 |     2800 |
 0004   | 包丁           | キッチン用品 |     3000 |     2800 | 2009-09-20
 0005   | 圧力鍋         | キッチン用品 |     6800 |     5000 | 2009-01-15
 0006   | フォーク       | キッチン用品 |      500 |          | 2009-09-20
 0007   | おろしがね     | キッチン用品 |      880 |      790 | 2008-04-28
 0008   | ボールペン     | 事務用品     |      100 |          | 2009-11-11
(8 rows)
```

## DISTINCTを使って商品分類列を重複を省いた形で出力

```sql
select distinct 商品分類 from 商品;
```

出力:

```text
   商品分類
--------------
 キッチン用品
 衣服
 事務用品
(3 rows)
```

## 複数の列の前にdistinctを置いた場合

```sql
SELECT DISTINCT 商品分類, 登録日 from 商品;
```

出力:

```text
   商品分類   |   登録日
--------------+------------
 衣服         |
 キッチン用品 | 2009-01-15
 衣服         | 2009-09-20
 キッチン用品 | 2008-04-28
 事務用品     | 2009-11-11
 事務用品     | 2009-09-11
 キッチン用品 | 2009-09-20
(7 rows)
```

## 商品分類列が'衣服'の行を選択するselect文

```sql
select * from 商品 where 商品分類 = '衣服';
```

出力:

```text
 商品id |     商品名     | 商品分類 | 販売単価 | 仕入単価 |   登録日
--------+----------------+----------+----------+----------+------------
 0001   | Tシャツ        | 衣服     |     1000 |      500 | 2009-09-20
 0003   | カッターシャツ | 衣服     |     4000 |     2800 |
(2 rows)
```
