# 演習3

## 計算式

```sql
select 商品名, 販売単価, 販売単価 * 2 AS "販売価格_x2" from 商品;
```

出力:

```text
     商品名     | 販売単価 | 販売価格_x2
----------------+----------+-------------
 Tシャツ        |     1000 |        2000
 穴あけパンチ   |      500 |        1000
 カッターシャツ |     4000 |        8000
 包丁           |     3000 |        6000
 圧力鍋         |     6800 |       13600
 フォーク       |      500 |        1000
 おろしがね     |      880 |        1760
 ボールペン     |      100 |         200
(8 rows)
```

## 販売単価列が500の行を選択

```sql
select 商品名, 商品分類 from 商品 where 販売単価 = 500;
```

出力:

```text
    商品名    |   商品分類
--------------+--------------
 穴あけパンチ | 事務用品
 フォーク     | キッチン用品
(2 rows)
```

## 販売単価列が500でない行を選択

```sql
select 商品名, 商品分類 from 商品 where 販売単価 <> 500;
```

or (PostgreSQL)

```postgresql
select 商品名, 商品分類 from 商品 where 販売単価 != 500;
```

出力:

```text
     商品名     |   商品分類
----------------+--------------
 Tシャツ        | 衣服
 カッターシャツ | 衣服
 包丁           | キッチン用品
 圧力鍋         | キッチン用品
 おろしがね     | キッチン用品
 ボールペン     | 事務用品
(6 rows)
```

## where句の条件式にも計算式

```sql
select 商品名, 販売単価, 仕入単価 from 商品 where 販売単価 - 仕入単価 >= 500;
```

出力:

```text
     商品名     | 販売単価 | 仕入単価
----------------+----------+----------
 Tシャツ        |     1000 |      500
 カッターシャツ |     4000 |     2800
 圧力鍋         |     6800 |     5000
(3 rows)
```

## NULLである行

```sql
SELECT 商品名, 仕入単価 FROM 商品 WHERE 仕入単価 IS NULL;
```

出力:

```text
   商品名   | 仕入単価
------------+----------
 フォーク   |
 ボールペン |
(2 rows)
```

## NULLでない行

```sql
SELECT 商品名, 仕入単価 FROM 商品 WHERE 仕入単価 IS NOT NULL;
```

出力

```text
     商品名     | 仕入単価
----------------+----------
 Tシャツ        |      500
 穴あけパンチ   |      320
 カッターシャツ |     2800
 包丁           |     2800
 圧力鍋         |     5000
 おろしがね     |      790
(6 rows)
```
